{
"CreateAndModifyMeshSettings_Version":"v20260113a",
"CreateAndModifyMeshSettings_Author":"HsiupoYeh",
"TempFile01_BasicMeshPNG_FileName_Readme":"不論Winodws或Linux或MAC作業系統一律使用「/」描述檔案路徑與資料夾路徑。",
"TempFile01_BasicMeshPNG_FileName":"Temp/CreateMesh_01_BasicMesh.png",
"TempFile02_BasicMeshVTK_FileName_Readme":"不論Winodws或Linux或MAC作業系統一律使用「/」描述檔案路徑與資料夾路徑。",
"TempFile02_BasicMeshVTK_FileName":"Temp/CreateMesh_01_BasicMesh.vtk",
"TempFile03_BasicMeshPNG_FileName_Readme":"不論Winodws或Linux或MAC作業系統一律使用「/」描述檔案路徑與資料夾路徑。",
"TempFile03_BasicMeshPNG_FileName":"Temp/CreateMesh_02_BasicMeshSetMarker1.png",
"TempFile04_BasicMeshVTK_FileName_Readme":"不論Winodws或Linux或MAC作業系統一律使用「/」描述檔案路徑與資料夾路徑。",
"TempFile04_BasicMeshVTK_FileName":"Temp/CreateMesh_02_BasicMeshSetMarker1.vtk",
"TempFile05_BasicMeshPNG_FileName_Readme":"不論Winodws或Linux或MAC作業系統一律使用「/」描述檔案路徑與資料夾路徑。",
"TempFile05_BasicMeshPNG_FileName":"Temp/CreateMesh_03_BasicMeshSetMarker2.png",
"TempFile06_BasicMeshVTK_FileName_Readme":"不論Winodws或Linux或MAC作業系統一律使用「/」描述檔案路徑與資料夾路徑。",
"TempFile06_BasicMeshVTK_FileName":"Temp/CreateMesh_03_BasicMeshSetMarker2.vtk",
"TempFile07_BasicMeshPNG_FileName_Readme":"不論Winodws或Linux或MAC作業系統一律使用「/」描述檔案路徑與資料夾路徑。",
"TempFile07_BasicMeshPNG_FileName":"Temp/CreateMesh_04_BasicMeshSetBCMarker1.png",
"TempFile08_BasicMeshVTK_FileName_Readme":"不論Winodws或Linux或MAC作業系統一律使用「/」描述檔案路徑與資料夾路徑。",
"TempFile08_BasicMeshVTK_FileName":"Temp/CreateMesh_04_BasicMeshSetBCMarker1.vtk",
"TempFile09_BasicMeshPNG_FileName_Readme":"不論Winodws或Linux或MAC作業系統一律使用「/」描述檔案路徑與資料夾路徑。",
"TempFile09_BasicMeshPNG_FileName":"Temp/CreateMesh_05_BasicMeshSetBCMarker2.png",
"TempFile10_BasicMeshVTK_FileName_Readme":"不論Winodws或Linux或MAC作業系統一律使用「/」描述檔案路徑與資料夾路徑。",
"TempFile10_BasicMeshVTK_FileName":"Temp/CreateMesh_05_BasicMeshSetBCMarker2.vtk",
"TempFile11_BasicMeshPNG_FileName_Readme":"不論Winodws或Linux或MAC作業系統一律使用「/」描述檔案路徑與資料夾路徑。",
"TempFile11_BasicMeshPNG_FileName":"Temp/CreateMesh_06_BasicMeshSetTopo.png",
"TempFile12_BasicMeshPNG_FileName_Readme":"不論Winodws或Linux或MAC作業系統一律使用「/」描述檔案路徑與資料夾路徑。",
"TempFile12_BasicMeshPNG_FileName":"Temp/CreateMesh_07_BasicMeshSetTopoRes.png",
"TempFile13_BasicMeshVTK_FileName_Readme":"不論Winodws或Linux或MAC作業系統一律使用「/」描述檔案路徑與資料夾路徑。",
"TempFile13_BasicMeshVTK_FileName":"Temp/CreateMesh_07_BasicMeshSetTopoRes.vtk",
"OutputFile01_MeshBCMarkersJSON_FileName_Readme":"不論Winodws或Linux或MAC作業系統一律使用「/」描述檔案路徑與資料夾路徑。",
"OutputFile01_MeshBCMarkersJSON_FileName":"Output_ERTMaker_CreateAndModifyMesh/Demo_SyntheticModelBCMarkers.json",
"OutputFile02_MeshBCMarkersVTK_FileName_Readme":"不論Winodws或Linux或MAC作業系統一律使用「/」描述檔案路徑與資料夾路徑。",
"OutputFile02_MeshBCMarkersVTK_FileName":"Output_ERTMaker_CreateAndModifyMesh/Demo_SyntheticModel.vtk",
"OutputFile03_GEO_FileName_Readme":"不論Winodws或Linux或MAC作業系統一律使用「/」描述檔案路徑與資料夾路徑。",
"OutputFile03_GEO_FileName":"Output_ERTMaker_CreateAndModifyMesh/Demo_SyntheticModel.geo",
"OutputFile04_TRN_FileName_Readme":"不論Winodws或Linux或MAC作業系統一律使用「/」描述檔案路徑與資料夾路徑。",
"OutputFile04_TRN_FileName":"Output_ERTMaker_CreateAndModifyMesh/Demo_SyntheticModel.trn",
"OutputFile05_OHM_FileName_Readme":"不論Winodws或Linux或MAC作業系統一律使用「/」描述檔案路徑與資料夾路徑。",
"OutputFile05_OHM_FileName":"Output_ERTMaker_CreateAndModifyMesh/Demo_SyntheticModel.ohm",
"OutputFile06_BasicMeshPNG_FileName_Readme":"不論Winodws或Linux或MAC作業系統一律使用「/」描述檔案路徑與資料夾路徑。",
"OutputFile06_BasicMeshPNG_FileName":"Output_ERTMaker_CreateAndModifyMesh/Demo_SyntheticModel.png",
"OutputFile06_BasicMeshPNG_DPI_Readme":"圖片輸出的DPI，建議:100。",
"OutputFile06_BasicMeshPNG_DPI":100,
"OutputFile06_BasicMeshPNG_Width_Readme":"圖片輸出的寬度，建議:1280。",
"OutputFile06_BasicMeshPNG_Width":1280,
"OutputFile06_BasicMeshPNG_Height_Readme":"圖片輸出的寬度，建議:720。",
"OutputFile06_BasicMeshPNG_Height":720,
"OutputFile06_BasicMeshPNG_Title_Readme":"圖片的標題。",
"OutputFile06_BasicMeshPNG_Title":"Demo Synthetic Model",
"OutputFile06_BasicMeshPNG_ColorBarResistivityMin_Readme":"電阻率色階下限，線性數值，必為正數。建議:1。",
"OutputFile06_BasicMeshPNG_ColorBarResistivityMin":1,
"OutputFile06_BasicMeshPNG_ColorBarResistivityMax_Readme":"電阻率色階下限，線性數值，必為正數。建議:10000。",
"OutputFile06_BasicMeshPNG_ColorBarResistivityMax":10000,
"StudyAreaMesh_GridStyle_Readme":"研究區域的網格類型。目前只支援「Rectangle」，就是指以矩形為基礎的網格類型。",
"StudyAreaMesh_GridStyle":"Rectangle",
"StudyAreaMesh_RectangleGrid_LayerCount_Readme":"研究區域的網格層數。就是指Z方向的地層數量。此值必須是正整數。",
"StudyAreaMesh_RectangleGrid_LayerCount":30,
"StudyAreaMesh_RectangleGrid_LayerThicknessFacfor_Readme":"研究區域的地層厚度控制因子。此值必須是正數。1表示厚度不變化，0.9表示厚度變小為原本的90%，1.1表示厚度變大為原本的110%。",
"StudyAreaMesh_RectangleGrid_LayerThicknessFacfor":1,
"StudyAreaMesh_RectangleGrid_FirstLayerThickness_Readme":"研究區域的第一層厚度。單位:[m]。此值必須是正數。",
"StudyAreaMesh_RectangleGrid_FirstLayerThickness":1,
"StudyAreaMesh_GridSurfaceNode_Readme":"逐個點在X方向上應為遞增的數字，不可填入null；在Z方向上填入對應高程，允許部分缺值(填入null)，將進行內插；Electrode_Index從1開始依序增加。若設為0或負值表示該位置不設置電極",
"StudyAreaMesh_GridSurfaceNode_Readme2":"X[m],Z[m],Electrode_Index",
"StudyAreaMesh_GridSurfaceNode":[
[-3,0,0],
[-2.5,null,0],
[-2,0,0],
[-1.5,null,0],
[-1,0,0],
[-0.5,null,0],
[0,0,1],
[0.5,null,0],
[1,0,2],
[1.5,null,0],
[2,0,3],
[2.5,null,0],
[3,0,4],
[3.5,null,0],
[4,0,5],
[4.5,null,0],
[5,0,6],
[5.5,null,0],
[6,0,7],
[6.5,null,0],
[7,0,8],
[7.5,null,0],
[8,0,9],
[8.5,null,0],
[9,0,10],
[9.5,null,0],
[10,0,11],
[10.5,null,0],
[11,0,12],
[11.5,null,0],
[12,0,13],
[12.5,null,0],
[13,0,14],
[13.5,null,0],
[14,0,15],
[14.5,null,0],
[15,0,16],
[15.5,null,0],
[16,0,17],
[16.5,null,0],
[17,0,18],
[17.5,null,0],
[18,0,19],
[18.5,null,0],
[19,0,20],
[19.5,null,0],
[20,0,21],
[20.5,null,0],
[21,0,22],
[21.5,null,0],
[22,0,23],
[22.5,null,0],
[23,0,24],
[23.5,null,0],
[24,0,25],
[24.5,null,0],
[25,0,26],
[25.5,null,0],
[26,0,27],
[26.5,null,0],
[27,0,28],
[27.5,null,0],
[28,0,29],
[28.5,null,0],
[29,0,30],
[29.5,null,0],
[30,0,31],
[30.5,null,0],
[31,0,32],
[31.5,null,0],
[32,0,33],
[32.5,null,0],
[33,0,34],
[33.5,null,0],
[34,0,35],
[34.5,null,0],
[35,0,36],
[35.5,null,0],
[36,0,37],
[36.5,null,0],
[37,0,38],
[37.5,null,0],
[38,0,39],
[38.5,null,0],
[39,0,40],
[39.5,null,0],
[40,0,41],
[40.5,null,0],
[41,0,42],
[41.5,null,0],
[42,0,43],
[42.5,null,0],
[43,0,44],
[43.5,null,0],
[44,0,45],
[44.5,null,0],
[45,0,46],
[45.5,null,0],
[46,0,47],
[46.5,null,0],
[47,0,48],
[47.5,null,0],
[48,0,49],
[48.5,null,0],
[49,0,50],
[49.5,null,0],
[50,0,51],
[50.5,null,0],
[51,0,52],
[51.5,null,0],
[52,0,53],
[52.5,null,0],
[53,0,54],
[53.5,null,0],
[54,0,55],
[54.5,null,0],
[55,0,56],
[55.5,null,0],
[56,0,57],
[56.5,null,0],
[57,0,58],
[57.5,null,0],
[58,0,59],
[58.5,null,0],
[59,0,60],
[59.5,null,0],
[60,0,61],
[60.5,null,0],
[61,0,62],
[61.5,null,0],
[62,0,63],
[62.5,null,0],
[63,0,64],
[63.5,null,0],
[64,0,65],
[64.5,null,0],
[65,0,0],
[65.5,null,0],
[66,0,0],
[66.5,null,0],
[67,0,0]
],
"PaddingMesh_GridStyle_Readme":"附加區域的網格類型。目前只支援「Rectangle」，就是指以矩形為基礎的網格類型。",
"PaddingMesh_GridStyle":"Rectangle",
"PaddingMesh_RectangleGrid_LeftPaddingLayerCount_Readme":"附加區域左側要追加的網格層數。就是指-X方向追加的地層數量。此值必須是0或是正整數。",
"PaddingMesh_RectangleGrid_LeftPaddingLayerCount":5,
"PaddingMesh_RectangleGrid_LeftPaddingLayerWidthFacfor_Readme":"附加區域左側的地層寬度控制因子。此值必須是正數。1表示寬度不變化，0.9表示寬度變小為原本的90%，1.1表示寬度變大為原本的110%。",
"PaddingMesh_RectangleGrid_LeftPaddingLayerWidthFacfor":1.2,
"PaddingMesh_RectangleGrid_FirstLeftPaddingLayerWidth_Readme":"附加區域左側的第一層寬度。單位:[m]。此值小於等於0的時候，表示自動使用最靠近的一層搭配厚度因子計算出第一層寬度，否則直接使用指定數值為第一層寬度。",
"PaddingMesh_RectangleGrid_FirstLeftPaddingLayerWidth":-1,
"PaddingMesh_RectangleGrid_RightPaddingLayerCount_Readme":"附加區域右側要追加的網格層數。就是指+X方向追加的地層數量。此值必須是0或是正整數。",
"PaddingMesh_RectangleGrid_RightPaddingLayerCount":5,
"PaddingMesh_RectangleGrid_RightPaddingLayerWidthFacfor_Readme":"附加區域右側的地層寬度控制因子。此值必須是正數。1表示寬度不變化，0.9表示寬度變小為原本的90%，1.1表示寬度變大為原本的110%。",
"PaddingMesh_RectangleGrid_RightPaddingLayerWidthFacfor":1.2,
"PaddingMesh_RectangleGrid_FirstRightPaddingLayerWidth_Readme":"附加區域右側的第一層寬度。單位:[m]。此值小於等於0的時候，表示自動使用最靠近的一層搭配厚度因子計算出第一層寬度，否則直接使用指定數值為第一層寬度。",
"PaddingMesh_RectangleGrid_FirstRightPaddingLayerWidth":-1,
"PaddingMesh_RectangleGrid_BottomPaddingLayerCount_Readme":"附加區域下方的網格層數。是指Z方向的地層數量。此值必須是0或正整數。",
"PaddingMesh_RectangleGrid_BottomPaddingLayerCount":5,
"PaddingMesh_RectangleGrid_BottomPaddingLayerThicknessFacfor_Readme":"附加區域右側的地層寬度控制因子。此值必須是正數。1表示寬度不變化，0.9表示寬度變小為原本的90%，1.1表示寬度變大為原本的110%。",
"PaddingMesh_RectangleGrid_BottomPaddingLayerThicknessFacfor":1.2,
"PaddingMesh_RectangleGrid_FirstBottomPaddingLayerThickness_Readme":"附加區域的第一層厚度。單位:[m]。此值小於等於0的時候，表示自動使用最靠近的一層搭配厚度因子計算出第一層厚度，否則直接使用指定數值為第一層厚度。",
"PaddingMesh_RectangleGrid_FirstBottomPaddingLayerThickness":-1,
"ModifyMeshResistivity_Readme":"依序填入多則修改範圍，將依照規則順序修改模型。",
"ModifyMeshResistivity_Readme2":"x_min[m],x_max[m],z_min[m],z_max[m],New_Resistivity[ohm-m]",
"ModifyMeshResistivity":[
[-9999, 9999, -9999, 9999, 100],
[15, 25, -10, -5, 10],
[50, 60, -10, -5, 1000]
]
}
